timepoint,state 1,state 2,state 3,state 4
0,0.297461929,0.331979695,0.170558376,0.2
0.33,0.272126816,0.291017173,0.336856011,0.1
1,0.098334343,0.354330709,0.397334949,0.15
3,0.230201342,0.212550336,0.387248322,0.17
7,0.255319149,0.091707583,0.352973268,0.3
7.33,0.203807107,0.353299492,0.392893401,0.05
8,0.236893204,0.260582524,0.382524272,0.12
10,0.297186933,0.360254083,0.242558984,0.1
12,0.1,0.45,0.05,0.4
